ckpt,dataset_path,feature_lr,final_feature_lr,final_fnetwork_lr,fnetwork_lr,freeze_start,gpu_id,iterations,output_folder,psnr,test_LPIPS,test_PSNR,test_SSIM
output/garden_r29_ld1e-4_dt0.1at0.1_denom1e-10_alphadist2_st5.5k_noglo/,/data/nerf_datasets/360/garden,1.00E-02,1.00E-03,1.00E-04,1.00E-03,0,0,1000,output/fl1.00E-02_ffl1.00E-03_fl1.00E-03_ffl1.00E-04_garden_i1000_fs0,26.677861015590107,0.16441752016544342,26.627161026000977,0.8405013680458069
output/garden_r29_ld1e-4_dt0.1at0.1_denom1e-10_alphadist2_st5.5k_noglo/,/data/nerf_datasets/360/garden,1.00E-02,1.00E-03,1.00E-04,1.00E-03,0,0,2000,output/fl1.00E-02_ffl1.00E-03_fl1.00E-03_ffl1.00E-04_garden_i2000_fs0,26.735758383364267,0.16096286475658417,26.670835494995117,0.8428421020507812
output/garden_r29_ld1e-4_dt0.1at0.1_denom1e-10_alphadist2_st5.5k_noglo/,/data/nerf_datasets/360/garden,1.00E-02,1.00E-03,1.00E-04,1.00E-03,0,0,4000,output/fl1.00E-02_ffl1.00E-03_fl1.00E-03_ffl1.00E-04_garden_i4000_fs0,26.786243190146024,0.15784035623073578,26.706199645996094,0.8446242213249207
output/garden_r29_ld1e-4_dt0.1at0.1_denom1e-10_alphadist2_st5.5k_noglo/,/data/nerf_datasets/360/garden,1.00E-02,1.00E-03,1.00E-04,1.00E-03,0,0,8000,output/fl1.00E-02_ffl1.00E-03_fl1.00E-03_ffl1.00E-04_garden_i8000_fs0,26.836057121340527,0.15507391095161438,26.73627471923828,0.8460881114006042
output/garden_r29_ld1e-4_dt0.1at0.1_denom1e-10_alphadist2_st5.5k_noglo/,/data/nerf_datasets/360/garden,1.00E-02,1.00E-03,1.00E-04,1.00E-03,0,0,16000,output/fl1.00E-02_ffl1.00E-03_fl1.00E-03_ffl1.00E-04_garden_i16000_fs0,26.883486910277696,0.15268006920814514,26.760210037231445,0.8471210598945618
