dataset_path,gpu_id,image_folder,output_folder,psnr,test_LPIPS,test_PSNR,test_SSIM
/optane/nerf_datasets/360/stump,3,images_4,output/stump_ifimages_4_r32_glo,28.506502845930353,0.24215441942214966,26.72361183166504,0.7877132892608643
/optane/nerf_datasets/360/garden,2,images_4,output/garden_ifimages_4_r32_glo,26.59561197635972,0.15507981181144714,26.5484561920166,0.8440230488777161
/optane/nerf_datasets/360/bicycle,1,images_4,output/bicycle_ifimages_4_r32_glo,23.818482930770926,0.2621045410633087,24.8508358001709,0.7562894225120544
/optane/nerf_datasets/360/treehill,3,images_4,output/treehill_ifimages_4_r32_glo,22.415661097739545,0.3579156696796417,22.30756378173828,0.6302041411399841
/optane/nerf_datasets/360/room,1,images_2,output/room_ifimages_2_r32_glo,32.05513034652611,0.2800632417201996,30.944766998291016,0.9210498332977295
/optane/nerf_datasets/360/flowers,2,images_4,output/flowers_ifimages_4_r32_glo,22.93346260471741,0.34352847933769226,21.278596878051758,0.6078836917877197
/optane/nerf_datasets/360/kitchen,1,images_2,output/kitchen_ifimages_2_r32_glo,30.4515172347029,0.1713310033082962,30.51405906677246,0.9165213704109192
/optane/nerf_datasets/360/counter,3,images_2,output/counter_ifimages_2_r32_glo,29.63030155287225,0.2505877614021301,28.471445083618164,0.902660608291626
/optane/nerf_datasets/360/bonsai,2,images_2,output/bonsai_ifimages_2_r32_glo,30.516207787413155,0.2509789764881134,30.310026168823242,0.9358468055725098
