dataset_path,gpu_id,image_folder,output_folder,psnr,test_LPIPS,test_PSNR,test_SSIM
/optane/nerf_datasets/360/stump,3,images_4,output/stump_ifimages_4_r29_mint0.05,28.61611317949771,0.2609976530075073,26.435457229614258,0.7774219512939453
/optane/nerf_datasets/360/garden,2,images_4,output/garden_ifimages_4_r29_mint0.05,27.255360616786454,0.1561122089624405,26.521224975585938,0.845953643321991
/optane/nerf_datasets/360/bicycle,1,images_4,output/bicycle_ifimages_4_r29_mint0.05,23.986698597022954,0.28465622663497925,24.807418823242188,0.7455387115478516
/optane/nerf_datasets/360/treehill,3,images_4,output/treehill_ifimages_4_r29_mint0.05,22.54709915602345,0.38451868295669556,22.540302276611328,0.6299934387207031
/optane/nerf_datasets/360/room,1,images_2,output/room_ifimages_2_r29_mint0.05,32.80574559229911,0.2821911573410034,31.04875373840332,0.9196443557739258
/optane/nerf_datasets/360/flowers,2,images_4,output/flowers_ifimages_4_r29_mint0.05,23.159069791488786,0.3573468029499054,21.516206741333008,0.6097621321678162
/optane/nerf_datasets/360/kitchen,1,images_2,output/kitchen_ifimages_2_r29_mint0.05,30.781367848271785,0.17420151829719543,30.351516723632812,0.9145292043685913
/optane/nerf_datasets/360/counter,3,images_2,output/counter_ifimages_2_r29_mint0.05,29.530243724704476,0.2734065353870392,27.78008270263672,0.8889949917793274
/optane/nerf_datasets/360/bonsai,2,images_2,output/bonsai_ifimages_2_r29_mint0.05,31.51554002058811,0.25248944759368896,30.61357879638672,0.9329025745391846
